"","x"
"1","TP1003E"
"2","TP1003N"
"3","TP1003S"
"4","TP1008N"
"5","TP1008W"
"6","TP1008S"
"7","TP1015N"
"8","TP1015E"
"9","TP1015S"
"10","TP1031N"
"11","TP1031S"
"12","TP1031W"
"13","TP1038N"
"14","TP1038E"
"15","TP1038S"
"16","TP2003W"
"17","TP2003N"
"18","TP2003S"
"19","TP2007N"
"20","TP2007S"
"21","TP2007E"
"22","TP2007W"
"23","TP2013N"
"24","TP2013S"
"25","TP2013E"
"26","TP2013W"
"27","TP2015E"
"28","TP2015W"
"29","TP2015N"
"30","TP2015S"
"31","TP2016N"
"32","TP2016S"
"33","TP2016E"
"34","TP2016W"
"35","TP2020N"
"36","TP2020S"
"37","TP2020E"
"38","TP2020W"
"39","TP2021S"
"40","TP2021E"
"41","TP2021W"
"42","TP2028N"
"43","TP2028S"
"44","TP2028E"
"45","TP2030W"
"46","TP2030E"
"47","TP2030S"
"48","TP2030N"
"49","TP2035N"
"50","TP2035S"
"51","TP2035E"
"52","TP2043S"
"53","TP2043E"
"54","TP2050N"
"55","TP2050S"
"56","TP2050E"
"57","TP2050W"
"58","TP2076N"
"59","TP2076S"
"60","TP1001W"
"61","TP1001E"
"62","TP1001S"
"63","TP1006N"
"64","TP1006S"
"65","TP1006E"
"66","TP1007N"
"67","TP1007W"
"68","TP1007E"
"69","TP1020N"
"70","TP1020W"
"71","TP1020S"
"72","TP1024N"
"73","TP1024W"
"74","TP1024E"
"75","TP2001W"
"76","TP2001S"
"77","TP2001N"
"78","TP2011N"
"79","TP2011S"
"80","TP2011W"
"81","TP2012S"
"82","TP2012N"
"83","TP2012E"
"84","TP2012W"
"85","TP2034E"
"86","TP2034W"
"87","TP2034S"
"88","TP2034N"
"89","TP2036W"
"90","TP2036E"
"91","TP2036S"
"92","TP2036N"
"93","TP2046S"
"94","TP2046W"
"95","TP2046E"
"96","TP2047E"
"97","TP2047W"
"98","TP2047N"
"99","TP2047S"
"100","TP2048E"
"101","TP2048W"
"102","TP2048N"
"103","TP2048S"
"104","TP2058E"
"105","TP2058W"
"106","TP1011N"
"107","TP1011E"
"108","TP1011W"
"109","TP1040W"
"110","TP1040E"
"111","TP1040N"
"112","TP2029N"
"113","TP2029S"
"114","TP2029E"
"115","TP2004N"
"116","TP2004S"
"117","TP2004E"
"118","TP2039N"
"119","TP2039S"
"120","TP2039E"
"121","TP2039W"
"122","TP2065N"
"123","TP2065S"
"124","TP1048E"
"125","TP1048W"
"126","TP1063N"
"127","TP1063S"
"128","TP2059E"
"129","TP2059W"
"130","TP2061E"
"131","TP2061W"
"132","TP2064N"
"133","TP2064S"
"134","TP1012S"
"135","TP1012E"
"136","TP1012N"
"137","TP1014W"
"138","TP1014E"
"139","TP1017W"
"140","TP1017S"
"141","TP1017N"
"142","TP1021W"
"143","TP1021N"
"144","TP1021S"
"145","TP1022E"
"146","TP1022W"
"147","TP1022S"
"148","TP1023N"
"149","TP1023S"
"150","TP1023W"
"151","TP1025E"
"152","TP1025S"
"153","TP1025N"
"154","TP1034W"
"155","TP1034S"
"156","TP1034E"
"157","TP1039W"
"158","TP1039E"
"159","TP1039S"
"160","TP1042E"
"161","TP1042N"
"162","TP1042S"
"163","TP1043W"
"164","TP1043E"
"165","TP1044E"
"166","TP1044W"
"167","TP1046E"
"168","TP1046W"
"169","TP1047N"
"170","TP1047S"
"171","TP1049E"
"172","TP1049W"
"173","TP1050N"
"174","TP1050S"
"175","TP1052N"
"176","TP1052W"
"177","TP1053W"
"178","TP1053S"
"179","TP1054S"
"180","TP1054N"
"181","TP1055N"
"182","TP1055S"
"183","TP1056N"
"184","TP1056S"
"185","TP1057E"
"186","TP1057W"
"187","TP1060N"
"188","TP1060S"
"189","TP1061E"
"190","TP1061W"
"191","TP1062S"
"192","TP1062N"
"193","TP1064E"
"194","TP1064W"
"195","TP1065N"
"196","TP1065S"
"197","TP1066E"
"198","TP1066W"
"199","TP1068N"
"200","TP1068S"
"201","TP1070N"
"202","TP1070W"
"203","TP1071N"
"204","TP1071W"
"205","TP1075a"
"206","TP1075b"
"207","TP2005N"
"208","TP2005S"
"209","TP2005E"
"210","TP2006S"
"211","TP2006E"
"212","TP2006W"
"213","TP2008N"
"214","TP2008E"
"215","TP2008W"
"216","TP2014N"
"217","TP2014E"
"218","TP2014W"
"219","TP2017N"
"220","TP2017W"
"221","TP2017S"
"222","TP2018N"
"223","TP2018S"
"224","TP2018W"
"225","TP2019N"
"226","TP2019S"
"227","TP2019W"
"228","TP2024S"
"229","TP2024N"
"230","TP2024W"
"231","TP2026N"
"232","TP2026S"
"233","TP2027N"
"234","TP2027E"
"235","TP2027W"
"236","TP2031N"
"237","TP2031S"
"238","TP2031W"
"239","TP2033N"
"240","TP2033S"
"241","TP2033W"
"242","TP2038N"
"243","TP2038S"
"244","TP2038E"
"245","TP2038W"
"246","TP2041N"
"247","TP2041S"
"248","TP2041W"
"249","TP2042N"
"250","TP2042E"
"251","TP2042W"
"252","TP2044N"
"253","TP2044E"
"254","TP2044W"
"255","TP2045N"
"256","TP2045S"
"257","TP2045W"
"258","TP2049N"
"259","TP2049S"
"260","TP2049E"
"261","TP2051N"
"262","TP2051E"
"263","TP2051W"
"264","TP2054N"
"265","TP2054E"
"266","TP2054W"
"267","TP2055N"
"268","TP2055S"
"269","TP2055W"
"270","TP2056N"
"271","TP2056S"
"272","TP2056W"
"273","TP2057S"
"274","TP2057E"
"275","TP2057W"
"276","TP2060N"
"277","TP2060S"
"278","TP2062E"
"279","TP2062W"
"280","TP2063E"
"281","TP2063W"
"282","TP2066N"
"283","TP2066S"
"284","TP2067N"
"285","TP2067S"
"286","TP2068E"
"287","TP2068W"
"288","TP2069N"
"289","TP2069W"
"290","TP2070E"
"291","TP2070W"
"292","TP2072E"
"293","TP2072W"
"294","TP2073E"
"295","TP2073W"
"296","TP2074E"
"297","TP2074W"
"298","TP2077N"
"299","TP2077S"
"300","TP2079N"
"301","TP2079S"
"302","TP2080E"
"303","TP2080W"
"304","TP2081N"
"305","TP2081S"
"306","TP2082E"
"307","TP2082W"
"308","TP2083N"
"309","TP2083S"
"310","TP2085E"
"311","TP2085W"
"312","TP2086E"
"313","TP2086W"
"314","TP1002N"
"315","TP1002W"
"316","TP1002E"
"317","TP1004S"
"318","TP1004N"
"319","TP1004E"
"320","TP1005N"
"321","TP1005E"
"322","TP1009W"
"323","TP1009E"
"324","TP1009S"
"325","TP1009N"
"326","TP1013S"
"327","TP1013E"
"328","TP1013W"
"329","TP1016W"
"330","TP1016E"
"331","TP1016N"
"332","TP1018E"
"333","TP1018W"
"334","TP1018S"
"335","TP1019N"
"336","TP1019E"
"337","TP1019W"
"338","TP1026N"
"339","TP1026E"
"340","TP1026W"
"341","TP1027E"
"342","TP1027S"
"343","TP1027N"
"344","TP1028S"
"345","TP1028E"
"346","TP1028W"
"347","TP1029N"
"348","TP1029S"
"349","TP1029E"
"350","TP1029W"
"351","TP1032N"
"352","TP1032W"
"353","TP1032E"
"354","TP1033W"
"355","TP1033N"
"356","TP1033S"
"357","TP1035S"
"358","TP1035E"
"359","TP1035N"
"360","TP1036E"
"361","TP1036W"
"362","TP1036S"
"363","TP1036N"
"364","TP1041S"
"365","TP1045E"
"366","TP1045W"
"367","TP1051N"
"368","TP1051S"
"369","TP1058N"
"370","TP1058S"
"371","TP1059E"
"372","TP1059W"
"373","TP1067E"
"374","TP1067W"
"375","TP1069E"
"376","TP1069W"
"377","TP1072E"
"378","TP1072W"
"379","TP1073N"
"380","TP1073S"
"381","TP1074E"
"382","TP1074W"
"383","TP2010N"
"384","TP2010S"
"385","TP2010W"
"386","TP2052W"
"387","TP2052S"
"388","TP2053S"
"389","TP2053E"
"390","TP2053W"
"391","TP2071E"
"392","TP2071N"
"393","TP2078N"
"394","TP2078S"
"395","TP2084E"
"396","TP2084W"
"397","TP2117N"
"398","TP2117S"
"399","TP2118E"
"400","TP2118W"
"401","HOW1005E"
"402","HOW1005W"
"403","HOW1008N"
"404","HOW1008S"
"405","HOW1011N"
"406","HOW1011S"
"407","HOW1012N"
"408","HOW1012S"
"409","HOW1014W"
"410","HOW1014E"
"411","HOW1024E"
"412","HOW1024W"
"413","HOW1037E"
"414","HOW1037S"
"415","HOW1062E"
"416","HOW1062W"
"417","HOW1063E"
"418","HOW1069W"
"419","HOW1069E"
"420","HOW1076N"
"421","HOW1076S"
"422","HOW1082W"
"423","HOW1082E"
"424","HOW1094W"
"425","HOW1094S"
"426","HOW2001E"
"427","HOW2001W"
"428","HOW2002W"
"429","HOW2002E"
"430","HOW2005E"
"431","HOW2005W"
"432","HOW2007E"
"433","HOW2007W"
"434","HOW2008E"
"435","HOW2008W"
"436","HOW2011W"
"437","HOW2011E"
"438","HOW2014E"
"439","HOW2014W"
"440","HOW2023W"
"441","HOW2023E"
"442","HOW2026N"
"443","HOW2026S"
"444","HOW2028N"
"445","HOW2028S"
"446","HOW2030S"
"447","HOW2031N"
"448","HOW2031S"
"449","HOW2033E"
"450","HOW2033W"
"451","HOW2037N"
"452","HOW2037S"
"453","HOW2038S"
"454","HOW2038N"
"455","HOW2040S"
"456","HOW2040N"
"457","HOW2041N"
"458","HOW2041S"
"459","HOW2042E"
"460","HOW2042W"
"461","HOW2044E"
"462","HOW2044W"
"463","HOW2051N"
"464","HOW2051S"
"465","HOW2054N"
"466","HOW2054S"
"467","HOW2056N"
"468","HOW2056S"
"469","HOW2060W"
"470","HOW2060E"
"471","HOW2062N"
"472","HOW2062S"
"473","HOW2064E"
"474","HOW2064W"
"475","HOW2065N"
"476","HOW2072E"
"477","HOW2074N"
"478","HOW2074S"
"479","HOW2077S"
"480","HOW2077N"
"481","HOW2072W"
"482","HOW2081S"
"483","HOW2081N"
"484","HOW2085E"
"485","HOW2085W"
"486","HOW2089W"
"487","HOW2089E"
"488","HOW2092E"
"489","HOW2092W"
"490","HOW2095W"
"491","HOW2095E"
"492","HOW2097E"
"493","HOW2097W"
"494","HOW2099W"
"495","HOW2099E"
"496","HOW2100W"
"497","HOW3001W"
"498","HOW3001E"
"499","HOW3003S"
"500","HOW3004N"
"501","HOW3004S"
"502","HOW3005S"
"503","HOW3005N"
"504","HOW3007S"
"505","HOW3007N"
"506","HOW3008E"
"507","HOW3008W"
"508","HOW3009N"
"509","HOW3009S"
"510","HOW3010W"
"511","HOW3010E"
"512","HOW3011E"
"513","HOW3011W"
"514","HOW3012S"
"515","HOW3012N"
"516","HOW3013N"
"517","HOW3013A"
"518","HOW3014E"
"519","HOW3014I"
"520","HOW3014W"
"521","HOW3019W"
"522","HOW3019E"
"523","HOW3020E"
"524","HOW3020W"
"525","HOW3021N"
"526","HOW3021S"
"527","HOW3022E"
"528","HOW3022W"
"529","HOW3025S"
"530","HOW3025N"
"531","HOW3026E"
"532","HOW3026W"
"533","HOW3027N"
"534","HOW3027S"
"535","HOW3029S"
"536","HOW3029N"
"537","HOW3034E"
"538","HOW3034W"
"539","HOW3035E"
"540","HOW3035W"
"541","HOW3036E"
"542","HOW3036W"
"543","HOW3037E"
"544","HOW3037W"
"545","HOW3038W"
"546","HOW3038E"
"547","HOW3042S"
"548","HOW3042N"
"549","HOW3043W"
"550","HOW3043E"
"551","HOW3044S"
"552","HOW3044N"
"553","HOW3045W"
"554","HOW3046N"
"555","HOW3046S"
"556","HOW3047E"
"557","HOW3048N"
"558","HOW3048S"
"559","HOW3049S"
"560","HOW3049N"
"561","HOW3052N"
"562","HOW3053W"
"563","HOW3053E"
"564","HOW3055N"
"565","HOW3055S"
"566","HOW3058E"
"567","HOW3058W"
"568","HOW3059W"
"569","HOW3059E"
"570","HOW3060N"
"571","HOW3060S"
"572","HOW3061E"
"573","HOW3061S"
"574","HOW3064W"
"575","HOW3064E"
"576","HOW3066N"
"577","HOW3066S"
"578","HOW3067S"
"579","HOW3067N"
"580","HOW3068N"
"581","HOW3069N"
"582","HOW3069S"
"583","HOW3070N"
"584","HOW3071N"
"585","HOW3071S"
"586","HOW3072S"
"587","HOW3072N"
"588","HOW3074S"
"589","HOW3074N"
"590","HOW3075W"
"591","HOW3075E"
"592","HOW3076E"
"593","HOW3076W"
"594","HOW3077N"
"595","HOW3077S"
"596","HOW3078N"
"597","HOW3078S"
"598","HOW3079E"
"599","HOW3079W"
"600","HOW3080E"
"601","HOW3080W"
"602","HOW3081W"
"603","HOW3081E"
"604","HOW3083S"
"605","HOW3083N"
"606","HOW3084N"
"607","HOW3084S"
"608","HOW3086S"
"609","HOW3086N"
"610","HOW3087W"
"611","HOW3087E"
"612","HOW1040E"
"613","HOW1040W"
"614","HOW1041E"
"615","HOW1041W"
"616","HOW1050N"
"617","HOW1051E"
"618","HOW1051W"
"619","HOW1052N"
"620","HOW1052S"
"621","HOW1053E"
"622","HOW1053W"
"623","HOW1065W"
"624","HOW1065E"
"625","HOW1089N"
"626","HOW1089S"
"627","HOW1092W"
"628","HOW1092E"
"629","HOW1098W"
"630","HOW1098E"
"631","HOW1099S"
"632","HOW1099N"
"633","HOW1121N"
"634","HOW1121S"
"635","HOW2003W"
"636","HOW2015E"
"637","HOW2015W"
"638","HOW2021S"
"639","HOW2045S"
"640","HOW2045N"
"641","HOW2050E"
"642","HOW2050W"
"643","HOW2055N"
"644","HOW2052N"
"645","HOW2058E"
"646","HOW2058S"
"647","HOW2071E"
"648","HOW2071W"
"649","HOW2078E"
"650","HOW2078W"
"651","HOW2084W"
"652","HOW2084E"
"653","HOW2087W"
"654","HOW2087E"
"655","HOW2101W"
"656","HOW2101E"
"657","HOW2126W"
"658","HOW1077N"
"659","HOW1077S"
"660","HOW1078E"
"661","HOW1078W"
"662","HOW1106S"
"663","HOW1106N"
"664","HOW1112E"
"665","HOW1112W"
"666","HOW1124E"
"667","HOW1124W"
"668","HOW1128E"
"669","HOW1128W"
"670","HOW2106E"
"671","HOW2106W"
"672","HOW1001N"
"673","HOW1002E"
"674","HOW1002W"
"675","HOW1004N"
"676","HOW1004S"
"677","HOW1006A"
"678","HOW1006B"
"679","HOW1009N"
"680","HOW1009S"
"681","HOW1010S"
"682","HOW1010N"
"683","HOW1013N"
"684","HOW1013S"
"685","HOW1020W"
"686","HOW1020E"
"687","HOW1021E"
"688","HOW1021W"
"689","HOW1022W"
"690","HOW1022E"
"691","HOW1023N"
"692","HOW1023S"
"693","HOW1025N"
"694","HOW1025S"
"695","HOW1026N"
"696","HOW1026S"
"697","HOW1027W"
"698","HOW1027E"
"699","HOW1028S"
"700","HOW1028N"
"701","HOW1031S"
"702","HOW1031N"
"703","HOW1032E"
"704","HOW1032W"
"705","HOW1033N"
"706","HOW1033S"
"707","HOW1034S"
"708","HOW1035E"
"709","HOW1035W"
"710","HOW1036N"
"711","HOW1036S"
"712","HOW1038W"
"713","HOW1038E"
"714","HOW1039E"
"715","HOW1039W"
"716","HOW1043E"
"717","HOW1043W"
"718","HOW1044S"
"719","HOW1044N"
"720","HOW1045E"
"721","HOW1045W"
"722","HOW1046W"
"723","HOW1046E"
"724","HOW1047W"
"725","HOW1047E"
"726","HOW1048N"
"727","HOW1048S"
"728","HOW1049W"
"729","HOW1049E"
"730","HOW1054W"
"731","HOW1054E"
"732","HOW1055S"
"733","HOW1055N"
"734","HOW1061E"
"735","HOW1061W"
"736","HOW1064E"
"737","HOW1064W"
"738","HOW1066N"
"739","HOW1066S"
"740","HOW1067E"
"741","HOW1067W"
"742","HOW1068N"
"743","HOW1068S"
"744","HOW1070E"
"745","HOW1070W"
"746","HOW1071E"
"747","HOW1071W"
"748","HOW1075W"
"749","HOW1075E"
"750","HOW1079N"
"751","HOW1079S"
"752","HOW1080W"
"753","HOW1080E"
"754","HOW1081W"
"755","HOW1081E"
"756","HOW1083N"
"757","HOW1083S"
"758","HOW1084N"
"759","HOW1084S"
"760","HOW1085W"
"761","HOW1085E"
"762","HOW1086E"
"763","HOW1086W"
"764","HOW1087E"
"765","HOW1087W"
"766","HOW1088E"
"767","HOW1091S"
"768","HOW1091N"
"769","HOW1093E"
"770","HOW1093W"
"771","HOW1095E"
"772","HOW1095W"
"773","HOW1096S"
"774","HOW1096N"
"775","HOW1097N"
"776","HOW1097S"
"777","HOW1100W"
"778","HOW1100E"
"779","HOW1107N"
"780","HOW1107S"
"781","HOW1110N"
"782","HOW1110S"
"783","HOW1111E"
"784","HOW1111W"
"785","HOW1114S"
"786","HOW1114N"
"787","HOW1118S"
"788","HOW1118N"
"789","HOW1119N"
"790","HOW1119S"
"791","HOW1120N"
"792","HOW1120S"
"793","HOW1122S"
"794","HOW1122N"
"795","HOW1123N"
"796","HOW1123S"
"797","HOW1125W"
"798","HOW1125E"
"799","HOW1126A"
"800","HOW1126B"
"801","HOW1127S"
"802","HOW1127N"
"803","HOW1129E"
"804","HOW1129W"
"805","HOW1130N"
"806","HOW1130S"
"807","HOW1131N"
"808","HOW1131S"
"809","HOW1134S"
"810","HOW1134N"
"811","HOW2009E"
"812","HOW2009W"
"813","HOW2010N"
"814","HOW2010S"
"815","HOW2012S"
"816","HOW2012N"
"817","HOW2016S"
"818","HOW2016N"
"819","HOW2017S"
"820","HOW2017N"
"821","HOW2019W"
"822","HOW2019E"
"823","HOW2020W"
"824","HOW2020E"
"825","HOW2022E"
"826","HOW2022W"
"827","HOW2024W"
"828","HOW2024E"
"829","HOW2029W"
"830","HOW2029E"
"831","HOW2034N"
"832","HOW2034S"
"833","HOW2035E"
"834","HOW2036E"
"835","HOW2047E"
"836","HOW2047W"
"837","HOW2049W"
"838","HOW2049E"
"839","HOW2053W"
"840","HOW2053E"
"841","HOW2063W"
"842","HOW2063E"
"843","HOW2066N"
"844","HOW2066S"
"845","HOW2068E"
"846","HOW2069E"
"847","HOW2069W"
"848","HOW2070E"
"849","HOW2070W"
"850","HOW2073E"
"851","HOW2073W"
"852","HOW2076S"
"853","HOW2076N"
"854","HOW2080A"
"855","HOW1080B"
"856","HOW2082S"
"857","HOW2082N"
"858","HOW2086E"
"859","HOW2086W"
"860","HOW2088E"
"861","HOW2088W"
"862","HOW2090S"
"863","HOW2090N"
"864","HOW2093E"
"865","HOW2093W"
"866","HOW2094S"
"867","HOW2094N"
"868","HOW2098S"
"869","HOW2098N"
"870","HOW2102N"
"871","HOW2102S"
"872","HOW2103N"
"873","HOW2103S"
"874","HOW2104N"
"875","HOW2104S"
"876","HOW2105N"
"877","HOW2105S"
"878","HOW3002E"
"879","HOW3002W"
"880","HOW3015N"
"881","HOW3015S"
"882","HOW3016E"
"883","HOW3016W"
"884","HOW3018N"
"885","HOW3018S"
"886","HOW3028S"
"887","HOW3028N"
"888","HOW3030S"
"889","HOW3030N"
"890","HOW3031E"
"891","HOW3031W"
"892","HOW3039E"
"893","HOW3039W"
"894","HOW3040N"
"895","HOW3040S"
"896","HOW3041E"
"897","HOW3041W"
"898","HOW3050E"
"899","HOW3050W"
"900","HOW3056S"
"901","HOW3056N"
"902","HOW3057S"
"903","HOW3057N"
"904","HOW3065E"
"905","HOW3065W"
"906","HOW3085E"
"907","HOW3085W"
"908","HOW3088W"
"909","HOW3088E"
"910","HOW2079N"
"911","HOW2079S"
"912","HOW3017W"
"913","HOW3017E"
"914","HOW1007N"
"915","HOW1007S"
"916","HOW1042N"
"917","HOW1042S"
"918","HOW1090W"
"919","HOW1090E"
"920","HOW1105N"
"921","HOW1105W"
"922","HOW1116W"
"923","HOW1116E"
"924","HOW1117E"
"925","HOW1117W"
"926","HOW2018W"
"927","HOW2018E"
"928","HOW2025E"
"929","HOW2025W"
"930","HOW2032E"
"931","HOW2039N"
"932","HOW2043S"
"933","HOW2043N"
"934","HOW2048E"
"935","HOW2048W"
"936","HOW2061N"
"937","HOW2061S"
"938","HOW2075E"
"939","HOW2083E"
"940","HOW3023E"
"941","HOW3023W"
"942","HOW3024N"
"943","HOW3024S"
"944","HOW3032N"
"945","HOW3032W"
"946","HOW3033W"
"947","HOW3033E"
"948","HOW3051W"
"949","HOW3051E"
"950","HOW3054E"
"951","HOW3054W"
"952","HOW3062N"
"953","HOW3062S"
"954","HOW3063S"
"955","HOW3063N"
"956","HOW3073E"
"957","HOW3073W"
"958","HOW3082E"
"959","HOW3082W"
"960","HOW1115N"
"961","HOW1115S"
